Index,Timestamp,Open,High,Low,Close,Volume
0,2026-07-05 09:00:00,62831.34,62869.81,62544.01,62635.16,27
1,2026-07-05 10:00:00,62635.17,62738.31,62600.8,62709.51,9
2,2026-07-05 11:00:00,62709.52,62895.62,62658.01,62776.34,17
3,2026-07-05 12:00:00,62766.24,62766.24,62603.36,62704.13,10
4,2026-07-05 13:00:00,62684.02,62765.92,62616.19,62716.5,4
5,2026-07-05 14:00:00,62725.35,62999.47,62666.02,62967.87,15
6,2026-07-05 15:00:00,62964.5,63051.62,62844.91,62865.01,8
7,2026-07-05 16:00:00,62865.02,62875.76,62389.98,62564.11,20
8,2026-07-05 17:00:00,62567.72,62699.05,62493.37,62695.33,12
9,2026-07-05 18:00:00,62695.32,62754.71,62559.78,62596.53,7
10,2026-07-05 19:00:00,62601.95,62721.47,62508.05,62681.1,12
11,2026-07-05 20:00:00,62681.1,62764.23,62595.86,62741.14,13
12,2026-07-05 21:00:00,62741.14,62767.18,62602.74,62761.23,10
13,2026-07-05 22:00:00,62761.22,62892.36,62627.33,62680.0,56
14,2026-07-05 23:00:00,62680.0,62712.87,62538.81,62583.44,33
15,2026-07-06 00:00:00,62582.58,62761.99,62540.37,62576.92,32
16,2026-07-06 01:00:00,62576.91,62828.98,62565.69,62764.08,14
17,2026-07-06 02:00:00,62763.78,62824.47,62670.86,62721.56,7
18,2026-07-06 03:00:00,62721.56,62782.52,62643.84,62684.71,11
19,2026-07-06 04:00:00,62684.71,63163.08,62552.39,63037.13,64
20,2026-07-06 05:00:00,63040.46,63900.0,62952.11,63679.66,112
21,2026-07-06 06:00:00,63679.65,63945.23,63510.46,63587.06,41
22,2026-07-06 07:00:00,63587.05,63716.27,63289.41,63699.93,44
23,2026-07-06 08:00:00,63698.19,63858.15,63497.03,63506.14,30
24,2026-07-06 09:00:00,63506.14,63601.8,63315.19,63410.63,46
25,2026-07-06 10:00:00,63396.53,63434.74,63072.01,63239.65,28
26,2026-07-06 11:00:00,63239.64,63329.03,63121.48,63208.37,22
27,2026-07-06 12:00:00,63207.36,63207.36,62888.48,63059.31,46
28,2026-07-06 13:00:00,63059.31,63085.48,62911.52,62932.35,27
29,2026-07-06 14:00:00,62919.42,63054.75,62822.02,63031.49,40
30,2026-07-06 15:00:00,63031.49,63178.73,62768.13,62833.82,24
31,2026-07-06 16:00:00,62833.81,62853.27,62564.64,62602.19,22
32,2026-07-06 17:00:00,62602.19,62970.49,62595.58,62753.74,25
33,2026-07-06 18:00:00,62754.09,62935.57,62420.75,62420.75,32
34,2026-07-06 19:00:00,62416.21,62435.07,61607.75,61695.91,230
35,2026-07-06 20:00:00,61695.91,61983.65,61246.23,61717.71,147
36,2026-07-06 21:00:00,61717.71,62369.49,61669.19,61988.85,87
37,2026-07-06 22:00:00,61995.33,63507.52,61995.33,63507.52,157
38,2026-07-06 23:00:00,63496.13,63818.81,63351.99,63689.23,108
39,2026-07-07 00:00:00,63690.89,63920.6,63515.49,63539.26,45
40,2026-07-07 01:00:00,63543.9,63840.38,63513.07,63645.7,35
41,2026-07-07 02:00:00,63644.08,63842.04,63604.2,63681.65,40
42,2026-07-07 03:00:00,63699.11,63849.11,63540.34,63777.44,41
43,2026-07-07 04:00:00,63777.44,64657.29,63767.65,64443.84,116
44,2026-07-07 05:00:00,64443.84,64459.91,64101.94,64204.15,63
45,2026-07-07 06:00:00,64204.15,64294.51,63982.07,64000.1,32
46,2026-07-07 07:00:00,64000.11,64263.34,63965.5,64158.01,24
47,2026-07-07 08:00:00,64158.02,64158.02,63739.61,63792.61,46
48,2026-07-07 09:00:00,63795.65,63861.91,63242.9,63278.69,91
49,2026-07-07 10:00:00,63278.68,63373.79,63101.65,63114.04,14
